Neighborhood,Price,Bedrooms,Bathrooms,House Size,Description,Neighborhood Description
Green Oaks,"$800,000",3,2,"2,000 sqft",Welcome to this eco-friendly oasis nestled in the heart of Green Oaks...,"Green Oaks is a close-knit, environmentally-conscious community with access to organic grocery stores, community gardens, and bike paths."
Downtown Cancun,"$500,000",2,1,"1,200 sqft",Experience the vibrant energy of downtown Cancun in this modern 2-bedroom apartment...,
Lakefront Playa del Carmen,"$1,200,000",4,3,"2,500 sqft",Wake up to stunning lake views in this luxurious 4-bedroom villa...,
Boho Tulum,"$700,000",1,1,800 sqft,Embrace the bohemian lifestyle in this cozy 1-bedroom studio in Tulum...,
Urban Playa del Carmen,"$600,000",3,2,"1,800 sqft",Live in the heart of the city in this spacious 3-bedroom condo...,
Historic Merida,"$900,000",5,4,"3,000 sqft",Step back in time in this historic 5-bedroom mansion in Merida...,
Modern Monterrey,"$750,000",2,2,"1,500 sqft",Sleek and stylish 2-bedroom apartment in the bustling city of Monterrey...,
Beachfront Puerto Vallarta,"$1,500,000",4,3,"2,800 sqft",Enjoy breathtaking ocean views from this luxurious 4-bedroom villa in Puerto Vallarta...,
Colorful Guanajuato,"$400,000",3,2,"1,600 sqft",Immerse yourself in the vibrant culture of Guanajuato in this colorful 3-bedroom home...,
Rural Oaxaca,"$300,000",2,1,"1,000 sqft",Escape to the countryside in this charming 2-bedroom cottage in Oaxaca...,
